{
  "total": 350,
  "passed": 350,
  "failed": 0,
  "errors": 0,
  "pct": 100.0,
  "suites": {
    "ed_intake": {
      "passed": 50,
      "failed": 0,
      "errors": 0,
      "time": 175.88874864578247
    },
    "dx_imaging": {
      "passed": 50,
      "failed": 0,
      "errors": 0,
      "time": 89.86075258255005
    },
    "admission": {
      "passed": 50,
      "failed": 0,
      "errors": 0,
      "time": 93.01889061927795
    },
    "discharge": {
      "passed": 50,
      "failed": 0,
      "errors": 0,
      "time": 84.5944766998291
    },
    "surveillance": {
      "passed": 50,
      "failed": 0,
      "errors": 0,
      "time": 81.8179042339325
    },
    "discovery": {
      "passed": 50,
      "failed": 0,
      "errors": 0,
      "time": 70.55506443977356
    },
    "security": {
      "passed": 50,
      "failed": 0,
      "errors": 0,
      "time": 80.79377150535583
    }
  }
}