{
  "total": 350,
  "passed": 350,
  "failed": 0,
  "errors": 0,
  "pct": 100.0,
  "suites": {
    "ed_intake": {
      "passed": 50,
      "failed": 0,
      "errors": 0,
      "time": 98.01241993904114
    },
    "dx_imaging": {
      "passed": 50,
      "failed": 0,
      "errors": 0,
      "time": 53.75281286239624
    },
    "admission": {
      "passed": 50,
      "failed": 0,
      "errors": 0,
      "time": 63.75263285636902
    },
    "discharge": {
      "passed": 50,
      "failed": 0,
      "errors": 0,
      "time": 61.69995069503784
    },
    "surveillance": {
      "passed": 50,
      "failed": 0,
      "errors": 0,
      "time": 48.600391149520874
    },
    "discovery": {
      "passed": 50,
      "failed": 0,
      "errors": 0,
      "time": 45.152934074401855
    },
    "security": {
      "passed": 50,
      "failed": 0,
      "errors": 0,
      "time": 87.53020763397217
    }
  }
}